x,y,z
-0.538358667685875,13.9631742451907,-6.8903161782343
0.483440591632443,14.539284372378,7.55168585511567
-0.247989104417183,9.10487979172441,-1.7695223306888
-0.50130654118979,13.1532889883193,-5.6678217912387
-1.2553528016106,12.8953199567907,-15.9301858859566
0.744204249363102,13.5076759305929,10.6569912489767
0.238149186420914,16.1830622063421,4.30109543688092
-0.473050969650557,11.5121412114321,-4.96822761506871
-0.119511857316601,11.4279556555601,-0.451519386758533
-0.0705760210944296,11.3727342460114,-0.572204411536814
-0.513402766795295,17.9381978515472,-8.70980053132677
-0.928620164526189,12.222226065464,-10.3675854234064
0.573365480056606,16.1036999279019,9.98744024468619
0.250563888789542,12.9158208131933,3.76744999496529
-0.0138468827528974,9.27768381398431,0.486952318929689
0.016207276926555,12.066678926612,0.371643893602818
0.345948043516547,12.9921770347427,5.08384660643034
0.257080541035513,11.1729751540099,3.11925873570317
-0.3659610214107,16.6374278101115,-5.51515398585401
-0.455648711905454,15.2365351734781,-6.2356441760034
-0.181673978139592,11.2764612328406,-1.05644393004689
-0.0585602018785595,11.718137090165,-0.117509597736046
0.0829598596802964,13.1546230850255,1.17469449595921
0.136620606541552,10.6489306477781,1.92900884725953
-0.0227259035173238,10.6985472221725,0.677380258902832
0.356913514905838,12.45372554623,5.15448666339974
-0.112051711882438,10.7668270386052,-0.672610392107878
-0.91185422792624,11.3882692130194,-9.84915458622965
-1.2066701712239,14.5582866939975,-16.997434969483
-0.12797824743638,10.4788559036133,-0.962870391252241
-0.0820781414510476,17.4448172853941,-1.3008459909591
0.0482195818840653,12.5061936650108,1.37581407861929
0.352587575763714,9.2373261212461,4.14069097916698
0.756183614691463,16.1115622254922,12.3364595031191
0.110826427775992,10.2884433309277,1.65463899069228
-0.185860521684067,9.34841008065562,-1.56038642916729
-0.44263188692883,15.1562313371989,-6.3508740623754
0.188112714063197,10.1275807865722,1.97639210785401
-0.177647234123548,18.0800622441305,-2.42430076299761
0.886888082121212,8.52806795406845,7.66601594112671
0.0389449093269175,16.4672344134866,1.12438189880937
1.19069249225886,9.26323448883931,11.8495935583307
-0.22455183142249,15.2907950205661,-2.78719240714093
0.73877099281192,13.6177466114351,10.9949716025058
1.6978068879779,8.93960833383386,15.9461905128273
-0.552904638437406,14.9084959095586,-7.88166882890608
-0.0372960081012344,14.2681763773854,-0.199703954747245
0.0128573351330059,15.7331027546205,0.876588182951032
0.11009786034787,8.74077454226296,1.63924522551272
0.498096393212218,12.3866397480077,6.60950007717702
-1.06852898308676,16.0033053507134,-16.6101711630671
0.394200627828248,12.4377768022234,5.25694829574919
0.657545873072937,15.8285825062084,10.638808156971
-1.33406012075953,16.9697453370076,-22.5500540598495
-0.58270219150378,14.6581644975134,-8.51965676902037
-1.25257403809545,20.2138865101085,-25.0680958037441
lunas,,
-1.1743103560491,8.88687803394603,-9.8661319634481
-0.538358667685875,13.9631742451907,-6.8903161782343
0.564569568375947,3.37378809981861,2.81987214528126
-0.573002360785403,5.16646350503784,-2.28511403094353
0.686765828636031,5.13668809784359,3.54653032523274
0.483440591632443,14.539284372378,7.55168585511567
1.13051796814046,3.85947907216284,5.16403155637661
-0.247989104417183,9.10487979172441,-1.7695223306888
-0.50130654118979,13.1532889883193,-5.6678217912387
-1.2553528016106,12.8953199567907,-15.9301858859566
0.048781905353709,5.76493673131132,0.437518066395575
-0.279330411441887,5.26209428479045,-0.751127071747811
0.744204249363102,13.5076759305929,10.6569912489767
0.238149186420914,16.1830622063421,4.30109543688092
-0.473050969650557,11.5121412114321,-4.96822761506871
0.873124253506804,6.11092803050512,5.39470552025889
-0.119511857316601,11.4279556555601,-0.451519386758533
-0.0705760210944296,11.3727342460114,-0.572204411536814
-0.652291312290693,8.67437732043458,-5.40629651379116
-0.513402766795295,17.9381978515472,-8.70980053132677
-0.928620164526189,12.222226065464,-10.3675854234064
0.573365480056606,16.1036999279019,9.98744024468619
0.250563888789542,12.9158208131933,3.76744999496529
-0.0138468827528974,9.27768381398431,0.486952318929689
0.973406277249889,1.45268776665649,1.81339652526912
0.016207276926555,12.066678926612,0.371643893602818
-0.0642114090011581,3.83487603731755,0.412549927642718
0.345948043516547,12.9921770347427,5.08384660643034
0.257080541035513,11.1729751540099,3.11925873570317
1.65124628266632,4.55703587127288,8.28211358320537
-0.298171548667413,4.43092918008301,-1.05653845124569
-0.739762235092294,5.62650725026539,-3.69460294108827
0.202724632335859,3.83749748157765,1.7281885299044
-0.3659610214107,16.6374278101115,-5.51515398585401
0.332250353366819,5.46376343440752,2.01680907573723
-0.455648711905454,15.2365351734781,-6.2356441760034
-0.181673978139592,11.2764612328406,-1.05644393004689
0.56976799916172,5.11486576826736,3.82596095780144
-0.0585602018785595,11.718137090165,-0.117509597736046
0.295990663827636,5.80344958343836,2.67356647363001
0.0829598596802964,13.1546230850255,1.17469449595921
0.873357141608345,2.11734566268803,2.69222283336591
0.136620606541552,10.6489306477781,1.92900884725953
-0.0227259035173238,10.6985472221725,0.677380258902832
1.09873046838783,3.4427638424903,3.80657987492104
0.356913514905838,12.45372554623,5.15448666339974
1.64178833863431,4.61992470313988,7.76254119135439
-0.976409464898183,5.9755683952633,-5.67287014602866
-0.865221833907841,10.3691431694908,-8.82347151850178
-0.741181040264077,5.08588851251252,-3.52792496890532
-0.112051711882438,10.7668270386052,-0.672610392107878
-0.91185422792624,11.3882692130194,-9.84915458622965
-1.2066701712239,14.5582866939975,-16.997434969483
0.56782990493113,3.80460908840168,2.49485651629772
0.0308692632255761,6.2735993756834,0.559148917153271
-0.0163295838728266,3.07310891966746,0.576428360425082
-0.12797824743638,10.4788559036133,-0.962870391252241
-0.0820781414510476,17.4448172853941,-1.3008459909591
0.0482195818840653,12.5061936650108,1.37581407861929
0.352587575763714,9.2373261212461,4.14069097916698
0.756183614691463,16.1115622254922,12.3364595031191
0.0338211516325382,6.83624431093323,0.35233563702956
-0.448405905525955,8.27131936409536,-3.24290014936764
0.951930765542682,1.41191780264015,2.2050780999618
0.110826427775992,10.2884433309277,1.65463899069228
-0.186216573343716,7.60099789813617,-0.740072240995042
-0.185860521684067,9.34841008065562,-1.56038642916729
-0.44263188692883,15.1562313371989,-6.3508740623754
-0.386028001876432,4.61570368082244,-1.054801687908
0.188112714063197,10.1275807865722,1.97639210785401
-0.177647234123548,18.0800622441305,-2.42430076299761
0.0696399200429327,3.93446930992843,1.00175614994572
0.886888082121212,8.52806795406845,7.66601594112671
0.0389449093269175,16.4672344134866,1.12438189880937
-0.78876326202359,5.48113177648292,-3.89455334004691
1.19069249225886,9.26323448883931,11.8495935583307
-0.22455183142249,15.2907950205661,-2.78719240714093
0.73877099281192,13.6177466114351,10.9949716025058
1.6978068879779,8.93960833383386,15.9461905128273
0.0364235904868425,5.85287700278173,1.18192912861579
-0.552904638437406,14.9084959095586,-7.88166882890608
-0.0372960081012344,14.2681763773854,-0.199703954747245
-0.0159487605554143,6.15820576960485,0.328499862799215
0.0128573351330059,15.7331027546205,0.876588182951032
-0.147596361787904,6.95041547978611,-0.455793687443181
0.11009786034787,8.74077454226296,1.63924522551272
0.498096393212218,12.3866397480077,6.60950007717702
-1.06852898308676,16.0033053507134,-16.6101711630671
0.394200627828248,12.4377768022234,5.25694829574919
0.657545873072937,15.8285825062084,10.638808156971
0.22617252452795,3.16606873684021,0.97578162302309
-1.5161382384544,10.3369798533428,-14.9768143519853
-1.33406012075953,16.9697453370076,-22.5500540598495
0.0578293068622494,4.33261424606891,0.687014727264809
-0.58270219150378,14.6581644975134,-8.51965676902037
0.176669482389546,7.75484966623251,2.2338633398416
-1.25257403809545,20.2138865101085,-25.0680958037441
-0.0131066135332807,6.09332267713184,-0.00972701031768307
0.836450810138745,5.10623069246946,5.05708915645606
-1.90405301492948,15.4549387293382,-28.8087009990083
asteroides,,
0.705449746551147,3.20847479397435,3.05963451254435
0.691934758159289,4.71412595954137,4.24622352866222
-0.135203749232831,5.55321390233059,-0.46032473969508
0.70859594504264,4.22139603556706,3.59880355854497
0.0069778400737143,5.93571109491781,0.57787596606855
0.509098202676681,2.39086833617068,1.40852996491244
-0.438583134555762,6.23016025963713,-2.54214501589522
-0.281604443597171,4.146623433272,-0.797293522859598
0.637716201524292,3.62860304662355,2.6521101681212
-0.340287213581065,5.94199278676683,-1.24158671944609
-0.767712802977772,5.99222255057726,-4.50103899419889
-0.174188837818933,3.94389302587151,-0.420708790428612
0.219118809986533,5.44451209217522,1.9123271235007
-0.0798353642927553,4.94274761997413,-0.0764863076337511
0.760919288757539,3.1985269554036,3.34299446973015
0.0112591873489499,3.19518702540735,0.961449461834062
0.134985337488907,5.22473060640101,0.726773041457844
-0.282295354719355,6.45836302033063,-1.18566630917784
0.0789387431981725,2.96215898178782,0.255161837537009
0.159211121905993,4.95084762453303,0.984755270072477
-1.2664042758983,7.6876037215405,-9.71512129959054
-0.471295256207234,6.01931868472188,-2.82773311485204
-0.392436600538348,4.06933160108465,-1.47447308812852
0.1203631353348,5.72660473810633,1.25483696551038
0.625710580233709,2.27378559856131,1.77679020616593
-1.00975356837922,6.43423738384573,-5.82982330517974
0.0776265388808512,3.35381369280232,0.287311710727964
0.139060584972696,4.61456190776617,1.54558146048437
-0.0883889663464211,5.63531420113708,-0.0183369648365252
-0.167018990887405,3.71154649067434,-0.106889332865443
1.05944867328138,4.50633815280807,5.40140760380622
-0.359154736898996,6.49765679282338,-1.85112927172503
-0.134986964287229,5.67062582839427,-0.221642674961928
0.332439577788332,3.70768391287766,2.14140863681895
1.25873524377026,3.04474865099305,4.37518562720421
-0.354706478411227,4.44331280867082,-1.37945443661184
0.124641684902892,4.7620845092747,0.751688895157076
-0.0993860977465514,3.36350193759464,0.576495380268606
1.3356791465803,2.43064355518624,3.95419036350077
0.142204872024743,3.78525651212783,0.675739920832897
0.887664007440835,4.05915191128268,3.86715886505386
-0.834755221291429,5.56248731529819,-4.38215848165861
0.26921166579719,2.58189528380899,1.39354420029783
0.471655738414545,4.44852778640924,2.66008312909758
0.476816276117371,2.49708669873708,1.85587650027121
-0.0527538297667098,4.82402034537704,0.226233594523363
-0.42080704549719,6.18482987731056,-1.7099359278459
0.782666742390459,4.46307755425931,3.76264324688468
-0.733661719414713,5.67511456470897,-3.93451733690427
0.0512611660660007,4.52632950191027,0.941134695172275
-0.292751302252245,4.91638058566292,-1.39658050543105
0.801126328893087,4.28927733002171,3.86588638913149
-0.262007283767525,6.15881166580075,-1.49827034682292
-0.534953431118314,5.30468272312204,-1.84144615463884
0.368186392981956,3.38787897071358,1.38360317339852
0.39802362083352,3.67453756912189,1.67766695585755
0.535273426779191,4.9919225510871,3.03707349542778
-0.469459311442025,5.38367058648931,-1.93548296828284
1.73732039745323,4.06118443391547,7.6790703957259
0.544499070711404,3.38475499754193,2.71483870451065
-1.06278640749532,7.52346518709417,-7.90615235667699
-0.244857171233631,5.29058540528422,-1.28513300776966
0.219394552900626,2.89278640372032,0.897801527552338
-0.762944216859775,5.37995244535519,-3.12376212410743
0.206653827740837,5.23597463967567,1.93203158932719
-0.036173723342722,3.31233684347792,0.186344687260336
0.26484721520327,4.78890150525357,1.29357033105928
1.44241814356417,2.40990160787952,4.08591391598057
-0.303557926914773,5.33845657067103,-1.03093103777778
-0.755439478376435,6.96875626932605,-4.98275583127449
-0.763761993884006,5.66772645974927,-3.38249897971553
-0.481778926986326,5.97601161774792,-2.16847370896021
0.0464936840814196,5.43189270537802,0.39347097741526
0.650067984754562,2.87546292019829,2.24772050898103
1.41746312677348,3.73731484060369,5.40380065253174
0.0836895163483847,4.27197241594982,0.803619697818708
0.0456245304460742,5.07811279070665,0.735008407032736
-1.00347160886203,7.10365906431845,-6.88958131065948
-0.148654684193752,6.22169432683907,-0.584783492450799
0.647500761588956,2.29665771098116,1.56832852616617
0.438684284796664,3.54023855978356,1.86656639058362
-0.184612402200922,5.11230762993717,-0.527275643896762
0.097497535441489,5.78360974622898,0.707778107929165
-1.84279133259489,12.6717982384245,-22.9620198230551
-0.108698329358822,5.88303009533841,-0.363338168326029
0.135867844310533,3.9755011799534,1.03031532075338
-1.66725048138933,11.0739878438313,-17.8389986180089
-1.39633837327572,10.0614122765738,-13.8411119521027
0.572644502401259,2.80069562291169,2.2191687386145
0.106083482713346,5.61514301062198,1.47035259924679
-0.437899325244587,5.42590252008085,-1.39527756997867
-0.0319147883498195,5.36068748093008,0.532844937096568
1.05678226632458,4.06161494476731,4.65625426337534
0.930800317299144,3.21820554992078,3.73969681358861
0.0297489450284156,5.26611313824414,0.84947225402349
-0.0634567884803103,4.57249797116075,0.22856837980304
0.157236814530675,4.00801014347023,0.79583056690059
1.57621707487443,4.79471047173572,7.73967714144374
-0.422623094223484,4.10321509373619,-0.925224829662572
0.561274042511334,4.69616718197124,3.47725154832861
0.253434936558812,5.06539834869943,1.40701925340518
0.704443473657276,4.15438664552972,3.32802734237656
-1.22266646895047,6.94404481184974,-7.8524573791055
-0.588469885742975,5.63071171438801,-3.25521751528126
-0.389076987665555,5.81881979633747,-1.7997095569557
-0.824886091500175,7.01212296447515,-5.39282835616099
-0.0655774135748921,5.4673438866035,-8.59821162008112E-05
-0.329169834088373,6.11277882023968,-1.18984004479982
0.126499529154977,3.25277152876583,1.0571850003183
0.0220711716034794,3.21448543944583,0.638804109514638
-0.341200221270565,3.90432084933722,-1.15889888466523
1.66676131839922,5.23791864632251,9.39222042719574
-1.5199131522211,9.5700713198924,-14.1797170134531
-0.0183099195927878,3.47113050896075,0.509263300709841
-0.510807600695678,6.70769041347954,-2.79663046910435
0.205900991070782,2.88435546658286,1.03592217041722
0.38073959552426,5.30740149712237,2.04761684400326
-0.0296944648940394,5.10801493977651,0.635829163374638
0.592509848422832,4.02760958782315,2.77013113610187
0.982239293504144,3.63984473917252,4.2554612835191
-1.75574989724945,11.8262370938563,-20.4441897030442
0.754345016722033,4.94578338366146,4.30319924438119
0.205303087551547,2.87817129990483,0.90091052209566
0.648565622951671,4.74179487215923,3.36097529021423
-0.892620124875375,5.81859051551182,-4.74062927183766
-0.525163040912726,5.25683105264082,-1.78947522433842
-0.183220046514107,3.57337285632544,-0.28115651540377
0.423245546830685,4.84010218064337,2.8672981417159
0.801856594451534,3.1972017455823,2.89418652043949
-0.598579562870996,4.83305135851253,-2.74052500738457
-0.747479003146901,7.93398663812962,-5.52556451564914
-1.59389487931557,10.7654696939962,-16.587010831191
-0.411594764855002,6.05003695722154,-1.61185899166928
-0.310968484323347,4.52164323861664,-0.962569610695236
-0.720558284165392,7.19089226643192,-4.50999581031917
0.012931121731145,3.45555358972521,0.979229517023089
-0.602318432539281,5.13564489783464,-2.85712602624647
0.197311501255488,3.25754466438501,0.663300213485798
0.965674274296093,2.52945613715106,3.20392793770967
0.467731072573505,2.34519395557003,2.03536239867763
1.13419156894051,3.37326117687481,3.89431903449761
-0.527592595390786,4.81416779724608,-2.28304105547628
0.539477758565526,3.77314438474659,2.14779883192976
0.726268228962576,2.7720683804028,2.30457318199812
1.29558562251995,2.09798501481447,3.58703962780916
1.31248088669603,3.67167718463353,5.74943149808348
-0.102403982733045,4.54527925771349,0.397657165284289
-0.00947877653518531,5.71677052922325,0.703135860375972
0.112569007025956,5.34238418009023,1.57702736216911
-0.426409678506832,4.39462288088715,-1.57581564728342
-0.218274749692071,5.76594524329828,-0.598512070671231
0.732645753765091,3.318320594242,2.79164662321826
0.551551059393348,2.7309982561954,2.10858038499515
-0.576239826702403,6.79411241373916,-3.72124502382742
0.971770297047603,2.03944730493957,2.75905210943871
-0.35211380671906,4.9439246121401,-1.50950038893511
-0.00128290668778076,5.95367580943383,0.200072906705376
0.32249805186666,3.99138380672814,1.35537717460665
-0.0273344666715479,3.4062986580337,0.43584222092634
-1.19328513337305,8.51353011679256,-9.57376770221957
0.83327395464816,4.70626526151813,4.90603173555547
-0.47573698654388,4.40879535682339,-1.58681387789335
0.198022802736165,5.25742744067597,1.47547418694732
-0.585359810805295,6.3896048976161,-3.022679728553
-0.559736431935276,5.63254470757452,-2.94276400296718
0.318370845107185,2.61447483513841,1.47640782757614
0.25116373443804,2.92221661496604,1.54646681809428
-0.858045363474337,8.28745070115258,-6.41085511314579
0.0502243007256081,4.99688923764354,1.06673521820559
-1.38827314181318,9.99030321017882,-13.5858948706997
-0.57982350740875,7.06202182949683,-3.95765785329802
1.77946239975278,4.67568381036583,8.43255269075045
0.318764401731587,2.54567443211706,1.38012672662732
0.361522860320384,4.46214227298019,1.73183763499888
-1.20627979665936,7.87023561129427,-9.265840148124
-0.388486985769249,3.96594414830485,-0.716110850347108
0.0719273499861037,3.89730462262297,0.879363520701412
0.395454393181491,4.12396740325991,2.42680554704647
0.595321509871568,3.13835009350269,2.32237634793584
0.470185915182333,2.32497900356093,1.62712757116938
-0.0962290155366181,4.14003464377767,0.117930371979211
-0.918050234306005,6.97551278691664,-5.90625735314813
-0.701070169417736,5.98476325485727,-4.10578812437193
-0.0819777286781633,5.47341365646138,0.30386355897053
-0.108208242123032,4.79459017353717,-0.387884049005619
-0.26595141291855,4.32945210984506,-0.610620468678333
0.0609796576335598,4.11974408675217,0.805473756859101
-0.43397138548732,5.74639149680396,-2.33372616337505
0.20010852604609,4.14463692537979,0.895399993544247
-0.268799842814216,6.3730596510654,-1.02021903018914
0.265243892023078,3.68805781680984,1.22804677626609
1.65009001476887,5.32856968221605,8.96718593091815
-0.195667302528975,3.7979496280276,0.136621179527553
0.0145955165295469,3.79666255234036,0.232043263267574
0.304034739364479,3.37858592077476,1.13440179631129
0.107022628333148,3.1404602122507,0.389623816702443
-0.270243757960963,5.16951749752465,-1.22067987685233
0.489884983514501,2.93840435584661,1.7614109192145
-0.171310824724942,4.87221509892001,0.01619976246646
-0.841621079958804,7.11546636042936,-5.3296643788582
0.180958120338557,2.83467061393202,0.958552979301252
0.666584718298853,4.1657929372027,3.55893007256814
1.04430763261076,3.15225849639037,4.2746743806605
0.692618965419681,2.53642667049886,2.58692615658514
-0.0896110879829503,3.37941325369691,0.03594486498622
0.00371188413806761,4.62616222555251,0.542241890007141
0.592170037046744,3.23116947731376,2.63095202196693
0.0921563049598166,5.76676874207406,1.45360563571703
-0.196993974688322,3.76170717407785,0.235495750217064
-0.178865000134287,4.25219443401915,0.176554526121943
0.498827015024814,2.73746690722811,2.32106644740503
-0.161820681162689,3.96707281778821,-0.200146774215328
-0.74160755951149,6.67399489180789,-4.16369306069909
0.739970027706649,2.98031224592242,3.11204500128474
0.178252053805286,4.67880325995931,1.33251170414946
0.481140718243941,3.99087687718991,2.68993358562852
0.34692580032715,4.24108993515183,1.9006630929321
0.413788125973067,4.97778893030593,3.01584801286727
-0.439167574295258,5.00508201964311,-1.7546170960937
0.14619924066606,5.11223859968403,1.29185360757504
0.194118778663983,3.86182603495822,1.07091563478772
-0.101143620773767,6.02273578202792,-0.35101326696441
-0.530010317353105,6.41224116402809,-3.14164495942419
0.110680846872244,3.19333950558031,1.20709119029659
0.576745763460318,3.64979446548965,2.44703723161696
-0.622186837318626,7.59945983217318,-3.90396239698379
-1.44545267877502,10.227076812058,-14.737237313887
0.698865597355937,2.1355739347047,2.46545069083765
-0.542914600084262,5.18185533401694,-1.98800707059428
-0.270970530388575,5.89143872780443,-1.58077462293661
0.426479646549903,3.39143929804168,2.16913977808273
-0.28919814926266,4.91557126974223,-1.39318836958977
-0.729821386315679,5.23680863308645,-3.21931492974577
-0.478978570020629,4.50583558844509,-1.77381435496441
-1.18858142161892,9.78105286427257,-11.2777236019591
-0.123596063507363,3.66857965512901,0.419528297209325
-0.49206454630548,5.33766611638427,-1.88602361795302
0.0578396521864718,4.99107868337325,0.684484044081339
-0.212829874691244,5.83004328106809,-1.05291488593673
0.064148227602758,3.5490528867141,1.13500977969749
-0.928740304048714,8.53895567522629,-7.71547630977128
0.524692256320644,3.28504970315983,2.06594494590032
0.0843101766175708,3.97742863864948,1.1753814279352
-0.158503065096843,4.50139788367291,-0.71333886982826
-0.199618009382807,5.63319548352937,-0.938599018593257
-0.205460573869826,5.91177414859853,-0.75483693685847
0.681532165874263,4.53801072434357,3.54352740168899
-0.0493040163124451,6.05151702387689,0.342539744266394
0.259297001810141,5.53402193000613,1.80674946980798
0.298087263059599,3.76314616755612,1.320038500017
-0.496791773098845,6.81898816864107,-2.55112325527227
0.440544824316769,2.83556146966574,1.53943460678673
-0.50017155326681,6.79553423258454,-2.87449820825824
-0.0180166074308282,4.85491582553133,-0.0530140049760904
0.138696675068394,3.29215805458164,0.623780175067765
0.322934488745646,2.94777095415267,1.81421238416933
-0.195257829875015,5.75732643480076,-1.09400609782165
-0.15433820271144,5.83820771579455,0.0590383418330987
0.206731350060458,3.36126061450634,1.04313829811712
-0.747598044345166,5.77303358744368,-3.96958895979237
1.12127088263326,4.85087545942766,5.6331819728254
-1.48097947349043,9.30045164674801,-13.6160822702816
-1.40935048818769,9.94956466041464,-13.6662263946674
-0.782956546668915,5.90910954048883,-3.80946186028452
0.0037103073759669,4.88744417424456,0.502454216244426
0.162119868121015,4.29161167740751,0.966151479177491
-0.605449173518585,6.14599430739313,-3.03393665109667
-0.214607547701516,3.98773803422675,-0.643287677933499
-0.953184114407092,8.03198951699766,-7.01674437742579
0.0434005323951004,4.20739234596344,1.04258058700687
0.156527875405203,5.6442378869803,1.52495328518503
0.190391330898191,2.80760676559277,1.04011815985509
-0.336458733710871,5.94334304209308,-1.58347819893611
0.718218226520804,3.67843639758257,2.94242456594287
0.00981054465345445,5.75162777095238,1.05218564244237
0.715028427896378,5.07786281183706,3.97571444977334
-1.49399588576192,8.68046547560487,-12.8817481191085
0.0667592753891786,4.03127581353365,0.628763283756124
1.56812696878355,4.62409671428293,7.60443854634066
-0.158505166670058,4.37666254206333,-0.685054554904154
-0.217081215326359,5.40248414241506,-0.992450455237758
0.393770652891534,3.22143500456409,1.68738426196602
0.28912519578375,3.49204260166394,1.70106208433321
-0.939020783147802,7.08695764637044,-6.12378435884229
0.511561378468541,4.02451092261723,2.41897676448558
0.616367769111132,4.07761712389435,2.77582509383828
-0.145463208160954,4.87265382305463,-0.0755428828491468
-0.0303703593283943,3.22537395148213,0.35989574482331
-1.21025269416413,7.9991443192138,-9.5184338997798
0.334856550406333,3.57463739892471,1.33356628744902
-0.321675006469723,4.57028761595534,-1.26745184550407
0.000914612656779531,4.13151769095264,0.693306573824909
-0.537518334474645,4.81844432221172,-2.02500023027308
0.715358646513719,3.01916061478237,2.87835900499781
-1.70362448711916,10.0364122551779,-16.9584645896348
0.225536565025568,3.2664503188742,1.69653572285706
0.737087863406059,3.2117173140835,2.39904454879863
-0.725745662806482,7.3748666555303,-4.90035518389631
-0.428363625387963,5.22756463888944,-1.65555165709786
0.933087178860862,4.527249167178,4.94359647202698
0.169740596654856,3.33950646880332,1.27373118427673
0.498228400471244,4.73961861948078,2.51396943146564
-0.158862784552674,5.72259412961921,-0.442599050509841
-1.26315053408737,7.35677488609735,-8.56709359090712
-0.0947184330908789,5.43156105588183,-0.116765032171016
0.22605304022615,2.82643293632616,0.805070949365284
0.60802195243339,4.48971909034426,3.56435253766602
-1.27220181779106,7.96838250178536,-9.34140079581841
-0.0359891304838514,4.18493753996938,0.397187485644508
-0.0719348340445347,4.12299767565577,0.396432418133518
0.120066815439562,4.93936505166824,1.10518288260585
0.35002565338324,2.98786536486527,1.35580085069183
0.31433645629823,3.71562912405272,1.48030787950494
-0.341941557477597,3.91480859455328,-0.845492450103608
0.0533511124440509,5.49438442260724,0.795232382508956
-0.203724188873494,5.03938477946904,-0.4156850552416
0.493714512884271,2.35230333232875,1.93078662186468
-0.115880318395133,4.02797371794797,0.286261743393829
0.963470195586926,3.04012543233596,3.71551109923228
-0.810257617353738,6.04891972861404,-4.15553885095236
-0.0982865854421211,5.99808577924813,-0.0364906322793264
0.184366213541092,3.31542875335074,1.55102900065017
0.0335513250769971,5.73997753995103,0.370241474668262
0.95406584355548,4.36683394844638,4.29971012061657
0.660973539276995,3.22576180564294,2.41559437280195
-0.209100171395738,6.11279212556885,-1.01190203535141
1.05759088939101,4.28639143230453,5.23196318757607
0.358417605518535,3.88208051695254,1.49349336677181
0.188819904275373,3.64533723133682,1.50448688981857
0.0044204235767333,4.06201811599006,0.0573901552434256
-0.294116028914545,3.83457019006594,-0.215700727496228
0.103889288895864,3.97485264318112,1.12907547927271
-0.769083351440148,6.21811990377008,-4.44623712740578
0.844823308623792,2.10778696966041,2.36605503104449
-0.773945409374058,7.28655637040595,-5.15128202853017
0.671630546058605,4.73154815532984,3.84764859258779
-0.248066339247727,5.03618461424878,-0.808855807220643
0.344648725789068,2.54184798928661,0.882541735601476
-0.778326308462258,5.38042390765005,-3.22698809814566
0.0245058988264245,5.69023865251259,0.574907266589784
0.0285981260364223,3.56990861385109,0.320829952113774
0.0195729150972862,5.86259195528769,0.309506690264117
0.0740459417711266,4.20798334939721,0.605742041996685
-0.692898710565304,7.23994168600097,-4.76761812429155
0.163297756955283,3.64036071334513,1.27640119497442
-0.534818357557904,5.29753381962514,-2.17144244215447
1.14324396364334,4.59221325703463,6.11113559715911
-0.0441927826589921,5.37043414605886,-0.154406857649005
-0.190257886532328,3.70933494358673,0.276604521778032
0.481383888738806,4.95885137619069,2.65321642087344
0.481194548510964,4.8338211268393,2.77639852207314
-0.178945502530297,5.6209359318104,-0.169565070312707
-0.423889499650972,5.22076787903938,-1.84238651328788
0.56642166995794,5.05829774779994,3.25409152302645
-0.00829708178055618,5.10776138833989,0.571615478688426
0.966405074255977,4.31452902367931,4.66124848928359
0.905481378269832,2.27370827937968,2.66676448145822
-0.328106173568856,6.44204594973886,-1.70191781325944
-0.210042551687975,4.812962653334,-0.0169467710751144
0.920212458207761,3.86824398237533,3.91531348323993
-0.024142602289393,4.48381015704412,0.862036309046007
-0.566957592121326,6.07780113084003,-2.92944709211388
0.195039609952847,5.03685174076015,1.57907333638612
0.0378026664783949,5.61889274172496,1.04511240523217
-0.0401428307642672,4.37011708632715,0.24380316198487
0.957852689876777,3.76713130155331,3.96743352635009
-0.806679721147117,5.91934512156814,-4.37586187177413
0.327666984595211,2.74225401510818,1.7438661376738
0.280020191893791,4.03088035589981,1.92504247860425
0.0243923965934644,3.67997376946087,0.785890833650349
-0.634779700343433,6.36449226387512,-3.54609809395138
-0.113905638523,4.00087718960006,0.373973457362002
1.19536181367702,4.98417501045711,6.75526050388843
-0.0997686169210681,4.04478098876494,-0.101639065744844
-0.0438440278292553,3.92484037002753,0.577834021170001
0.00145914116458746,5.81344397507401,0.5187895651967
-0.612200147530927,6.24185299694994,-3.2667868015562
-0.0644977976802842,5.5941521992243,-0.22846410483368
1.63239330705722,5.31675827307594,9.57458150764527
-0.23397872723548,4.24233668441958,-0.417609662421351
-0.402402091160272,6.76276431380705,-1.73069192812254
-0.143400263342455,5.19805299292379,-0.278856578312176
1.16004206262331,4.23308483553685,5.803945928088
-0.716671332137121,6.32040406971074,-3.7282891492146
-0.0451885621986263,3.83508959090333,0.262076256182655
0.395079629348347,5.18863809512543,2.12930029674335
1.07317497569064,2.55903056885752,2.83213071752521
0.0595329481888303,5.79910760434493,0.530256233477921
-0.0653657008630415,4.21940551537543,0.340921837414093
-0.64569598920684,5.89047707284378,-2.89027384331294
-0.0189411019903362,4.04130382101653,0.317240767351636
-0.961313949354071,5.90534820739913,-5.19525389219054
-1.06987966391759,8.86743046517125,-9.370795761448
-0.265017299684241,4.70406480813099,-0.847010610582194
-0.418942134439849,5.15945777758309,-1.73008110776345
1.23577576653895,4.53325425044733,6.34966619269764
0.170549513840311,3.1375123311054,0.779693074003453
0.248438225408793,4.42058579003826,1.9831500422037
0.194572078121858,3.637639105656,0.862888114669924
0.0136406607079452,4.79273962999908,0.179250321384058
-0.107005035394404,5.70827947860449,0.0241078106817796
0.82568966068044,3.5871454146386,2.96218210679664
-0.699061025152405,6.23632916948514,-4.052328894399
0.0150776970999772,5.65601736596242,0.941611938705178
-1.68517124541421,12.1203648509235,-19.4881309221274
-0.332468741393106,5.03187051179314,-1.35156743109865
-0.794931920464705,7.62743752480376,-5.27411627168398
-0.0219493649612936,5.75786473133015,0.643209801829504
0.0152478169758456,3.18135300535597,0.866476567635988
0.886504529880171,3.34605759681736,3.73867658439746
0.340087926744551,4.77106059047764,1.84350904463307
0.409933000617734,4.72041899445463,2.43677867894511
-0.799690506695452,5.68195104988005,-3.74717302938348
-1.32710868538792,8.84347765490252,-10.7824091073145
-0.625003789784103,6.44538583930701,-3.56029217832769
0.249434977008506,2.60698123983872,1.1208800150811
-0.423583187458408,4.27126808886469,-1.79331566542873
0.398220510447739,3.05552502858814,2.04347081745695
0.430601045779416,4.9948650522212,2.41935095443314
0.0637882509584169,3.03578731854461,1.19187540134487
-1.45088952331451,8.19271434154572,-11.1362249656626
-0.184995984324646,3.91522509888377,0.169027196787476
1.02671133952786,4.25189856071928,5.16205979666231
-0.0793804676443419,4.68343945547546,-0.28950911315484
0.581453206004792,3.49958064936659,2.10615162935791
-0.690959981334698,6.36529163134898,-3.68098031062961
-0.728036831593305,7.27975687336617,-4.41971183395514
0.866412736817915,2.36344369524572,3.03412398058635
1.23325545349667,2.6161840454249,3.7344041417668
-0.00877784071737926,4.79039430690773,0.0324602891533625
-0.175329886878658,4.02665199067852,-0.158560333358947
-0.186559077430414,5.91718393966487,-0.707085278371873
0.0240820167117168,4.0091042547008,0.700722756133312
0.101174557105763,4.57624514994232,0.499134187674798
0.281735725603557,3.9136649702779,2.03888604201142
1.20658646876646,3.22100942348914,4.27256567971457
0.168698321044836,5.64672847294486,1.48967054696821
-0.786908873074455,5.81696088673488,-3.69337266092275
0.272584044853716,4.67348032715384,2.08616962047659
-0.931842045283912,6.58677109381362,-5.81892128939645
-0.531828890865504,6.51339907373967,-2.94026318953245
-0.138308989343025,5.87371310739194,-0.715044159971812
-0.485978903134932,5.9981203409572,-2.10151876136606
0.367710229834742,5.1009266869377,2.53265990642955
0.5662765931875,3.81263085458929,2.47002033176223
-0.3414104584802,5.16619412583167,-0.900525817395784
0.305644710774891,4.35348952667188,1.43127295202485
-0.834066283730841,7.39865178169176,-5.23337665548342
-0.700211060377395,7.06471896775273,-4.51818057480932
0.276979298981235,3.03285825450846,1.18543174462272
1.12568939080139,3.80860011253406,4.77738050032081
-0.00325145177419923,5.34957337150599,0.128185583352323
0.217467514953841,5.25144380617743,1.28950745457289
-0.00777758467697124,5.85746502032817,0.305856196945733
0.629901404526144,2.38027092829271,1.61519645675193
-0.690972114096062,7.54052352512711,-4.50285073258264
-0.488181479246658,4.3161676261853,-1.12498474433058
0.602373366047518,3.13705975004658,2.46297145598785
-0.69808844424685,5.76595326426767,-3.11068342468687
-0.375135567180278,6.31718890064639,-2.24998883015669
-0.619021357619237,5.06737379939222,-2.9901469833414
0.0356955244065891,4.14625374889788,0.184005591159613
0.0157354545982349,3.25270294390905,0.422700161812121
-0.217313569784804,3.79183699981421,-0.614872955662335
-0.553914765281545,5.59406798077974,-2.68439115136383
0.767936890056716,3.43556689947065,3.55106053005288
-0.701700671919414,6.22735651266174,-3.85959748244118
0.244879104384125,4.75067779779245,1.80598618132192
-0.0418569681063666,6.06532977156215,0.299893612996182
-1.23232537656795,7.96480343799331,-9.5121300398289
0.14099672235963,3.87836799943734,0.825502708299968
-0.386729721792801,5.17734438842005,-1.46147786971855
-0.0518217039495525,4.97465123923038,0.235032704603351
-0.0768301304083124,3.8633056949864,-0.194897831759038
0.947513893638883,4.27552130471095,4.82715094946775
-0.0298300311450282,5.43207076560208,0.0838833571204449
0.535976915468782,2.83362893243006,2.41753422153997
0.98980854360844,3.14396260926395,3.23938370123717
0.694294088188842,4.80582055136597,3.48631041378062
0.0557246238581096,5.58057803267019,0.788847203578043
-0.257237855927207,4.88816868986073,-1.19119869757047
-0.993212071505849,6.41354654230527,-5.42604418786016
0.0634072063858151,5.55718485606889,1.12785834484649
-0.531075501402559,5.87385493895659,-2.63179258985057
-0.361127808367832,4.29136199064803,-1.52406081676604
-0.218615552378176,5.63008714541929,-0.969401509250664
-1.27288949886908,8.45822746478201,-9.8011045933686
-0.536476938964721,4.77538532415485,-2.21341024660024
0.675966380554176,2.52792340073463,2.01843999425883
0.00264608853226584,5.75982799599748,0.45342197948433
-0.42930685721481,6.11267673359633,-2.57159048930167
0.0812170077094931,3.27655404292759,0.616878488636033
-1.85743830816179,11.6144928131804,-21.5219574182917
0.412761466313848,4.30759853905593,2.52935712995293
-1.05701902219116,8.13411543417822,-8.33322899407357
-0.788900708157217,5.84486143858034,-4.32739557238864
0.0612152817176563,3.70953275484342,1.06888875446939
-1.25081495363492,9.67077265821509,-11.1504248576452
-0.225847316180818,4.61914093578198,-0.6145110694633
0.492949843864037,4.51852819273425,2.31005440890595
-1.19404144188265,9.01438984218978,-10.0185016206133
0.259108572641771,4.67833721121432,1.6016663606952
-0.145052450786634,5.69945533144329,-0.686880448678688
0.262728388969785,3.91954653725241,1.1505676653132
0.937738564691417,3.4947394032823,3.644701353805
0.660884074853241,2.99945409599825,2.04532237510795
0.221553490377937,4.46348325476799,1.83519638089086
0.273382225139246,3.71926159049529,1.20872876747177
-0.708317032845699,5.12228531155468,-2.96985723341978
0.655678341625025,3.3735184722374,2.26362847055637
1.50058408409205,4.45412377142813,7.46224732142906
-0.219708769117965,4.25362240634652,-0.0365180842480279
-1.63554073318719,10.8703698247602,-17.7010275023157
0.70015428909774,4.57296475395816,3.84081179105993
0.0256963098412831,3.02995117215852,0.217886459701931
0.0367187318248384,5.70054090239719,0.419243708038005
1.27499149369247,4.57859847052031,5.87532944646519
-0.0162377765864936,3.71683752142853,0.526337903229497
0.120168837535239,3.13639436651341,0.854489093556396
0.190687646933145,5.31524166159288,1.73765955071423
0.551110569508805,4.80102654581584,3.20540824030375
0.672086739193512,4.7328060903259,3.45007145152811
-0.0143969175918934,5.47725218127986,0.437835802727437
-0.95362690549596,8.3318297369916,-7.07408981297665
0.260368582453316,4.61100400200039,1.355413815132
0.26524516703696,4.2305486384558,1.58240674200739
-0.992438123756867,6.47508657739961,-6.01922970805023
0.202350831159145,4.08089697446546,1.2149216953113
-0.234447363424246,5.50529227286222,-0.534969968783289
-0.266828607272679,4.69610981837226,-1.21554510811589
1.15065961147567,2.89944863944966,3.39042989354167
-0.157860220177889,4.30056916648958,0.0374282973554554
-0.764235039484516,7.44587256942897,-4.93578157457689
1.45026990194058,2.25256182311559,3.90718329253252
0.443183953361865,4.00265171307822,2.65881418457759
0.0458175908347465,5.76425258246275,0.909880178175948
-0.411496127135573,4.60147147133956,-1.81717052264296
-0.364189785969274,5.10036498522312,-1.56631581027429
1.35353161797332,3.07081828159195,5.10140653601108
-0.274844591690776,5.37651256977342,-0.826909534000317
-1.39470506797569,9.08314171742745,-12.03993312829
-0.765206853081025,6.24007797005271,-3.89727569885139
0.917766579447394,3.04340103743787,3.37609731638262
0.00990447537678211,5.52343623454456,0.618284686682556
0.5938880046018,2.3605393124059,1.64098060842484
-1.02673551177545,7.94213523247371,-7.77203907755368
-1.25111866455323,9.37016631704628,-11.2315867406964
-0.182456943459658,3.5827207787175,-0.408276441591915
-0.741025823390609,7.0128196768974,-4.65298601989348
-0.0160273576541945,4.32543077272958,0.228069317002413
1.4899664690351,4.91165599580006,7.86434756106305
0.605208574615074,3.29927684087157,2.42326639895224
-0.825196101342874,6.2189149365958,-4.50457167912841
0.351406628214246,4.8819233440948,2.6592122836026
0.58330824813144,4.90602192369997,3.22814058239798
-0.0254932469483979,3.85673701254413,0.492437143074878
-0.285418101114569,6.04926878159277,-1.35771170497295
-0.0182611275635769,4.41025432676382,0.17464028007807
0.340957705449644,3.67165556937478,1.30813504197214
-0.375756184104425,5.52824918009688,-1.55367540782137
-0.166152032471993,3.58358382510213,-0.15866742631763
-0.224032049764545,3.81840321425335,-0.189038089486791
1.2221197910085,3.05391242209019,4.06229316667004
-0.61628662864626,6.84689333921671,-3.68499743497283
0.522222769753451,3.66858112183167,2.20384929681626
-0.210268113778053,4.82042589859733,-0.704598423491862
-1.24107623122155,9.86507761433327,-11.9332669729997
0.284049825173252,2.9524039854817,1.24091714535498
0.35502149640897,4.24712608902453,2.30883455374523
-0.550122417992237,4.98520768508416,-2.73607495611008
-0.48579779325658,5.3890159087602,-2.61210258136492
0.354971095657953,5.00026381770761,2.10216640008458
0.307879375903688,4.10609427940782,1.31577712295108
0.726910848163409,4.97141192512138,3.71670996826024
0.903142423843462,4.18269964568637,3.91821259448491
0.358746462536379,4.77042358333706,2.07846817655566
0.495039942770812,2.60361673134712,1.53175471933102
-0.698917417993375,5.14764534204824,-2.90185733319963
-0.821602160353203,5.74877800826169,-4.27820112997033
1.27493511533288,2.71846989002721,3.8471972496987
-0.00369509514470297,3.74298679099711,0.75927243791221
-0.584411682848728,6.22302115436329,-2.87462244834474
0.176749565784745,2.99664966217999,0.911133879894321
1.11956162263179,4.15407795096814,5.0233872169213
0.452528870360549,4.83351023965475,2.62076713632449
-0.52025220018097,7.20927802341801,-3.5398853191596
0.723866134344935,4.14792022460207,3.42643874386631
-0.0119850477156467,4.2068313845815,0.39470003348402
-0.441666530725974,6.33036369703512,-2.54174822738262
0.791865911145905,3.00396129566852,3.18816588228364
-0.266592518817923,6.60095154130031,-1.34136172623194
0.799573161530706,3.92409703392299,3.70163326948846
0.350630276100863,2.52819739930625,1.45162880119612
0.0686739566549265,4.67566396701315,1.01726518497471
0.136448439157283,4.38669765505535,1.49197655903748
-0.643517374774106,5.49237891495697,-2.74671611937492
0.911059398021658,3.54365096772771,3.72132748768658
-0.107239481581965,5.42668898003984,-0.0257478420034441
-0.0264261238129581,3.42896794821598,0.883207557039083
0.0400419745842122,4.5392237944728,0.30480380176852
0.104524218593795,3.4968986100107,0.702871638159521
1.14521587149948,3.10703220518023,3.94706825366478
0.33797155560913,3.84125623538943,1.51634509928176
-0.111489609663368,3.58446226583911,0.367987081279724
-0.204296084135406,3.7997344104697,-0.0956366924030471
-0.325021693815373,6.06317636416791,-1.45964943108129
0.0169059177780532,5.32756462763666,0.72627416414362
0.348388905639221,3.0653158512117,2.0303523485156
0.0999025361821056,5.48758242918755,1.15539544582361
-0.475365802385229,4.56743269766587,-2.00241226633963
1.70313745808509,2.73885708329501,5.60188094947603
0.424673523100098,2.58651093724416,1.9671884577031
0.676280361762845,4.14009340220854,3.06652098559612
0.632091453938266,2.62624085576418,2.30576188944039
0.266863143744772,4.64397991709139,1.94782525323967
-0.975414636086577,6.6323596511764,-5.96741821403604
0.0032614467073397,4.2916528592199,0.456337952091623
1.63418516384088,4.99824502641581,9.1128146283165
-0.189629666953576,3.43807459405092,0.071634970917861
-0.313695399671502,6.46873497208968,-2.0021137113103
-0.466316462871599,4.71646944795931,-2.05764380226802
-0.382057118980487,4.49157756289988,-1.05685130916487
0.385184528697751,4.65624192032118,1.9324827284439
0.382227537607344,2.95990627642961,2.10139685285626
0.361489458098716,3.22138642844562,1.41703484444122
-0.24146433604334,4.44445793332614,-0.769294625762879
-1.09701091693816,8.86931552382123,-8.80210965441664
-1.21698818777413,8.44444496439003,-9.49921310429274
0.338584285626729,3.35593149895609,1.9428135139102
-0.767706021434811,5.49494357276803,-4.18376059020512
-0.590107315082316,4.95340842968197,-2.08198817938864
-0.00504147061264145,3.61218905028922,0.312626982837054
0.228103612785242,3.01162761968788,1.63013964547933
-0.0489114988175507,3.98597556713185,0.704146784622255
0.173769757184497,3.65653889535702,0.795758700604058
-0.0901912409716121,4.31456666890757,0.452353491862528
-0.189477457128427,4.83934667094647,-0.556786724488434
0.660803120948183,3.19884473722092,2.73855806553611
0.0797526208981984,4.49875849900361,0.85422904050409
0.474736694590503,3.83560529128216,2.19452617383538
0.0362763371828886,4.46748828776426,0.643253393202543
-0.252661309466555,4.77416985722088,-0.409642495883754
-0.0150365364519851,4.42819349693583,0.510778936942859
0.864188291062024,2.88928493332891,3.12288810493326
-0.0796079696784649,4.2571250117789,0.441347766683269
-0.50923722609663,4.85871277379823,-1.70053596956378
-0.183407618767538,4.97272636929961,-0.114773326182901
0.0411808546259555,5.67034344016355,1.02814315019575
0.0532563074568293,4.51722584245946,0.649319348255158
-0.183359320766063,4.13666391704572,-0.375096367157704
1.16561149762423,3.75271795958042,4.66175218797187
0.263812959477573,5.06301749349407,1.849356133377
-0.712866947483082,7.23843971709602,-4.70928408765374
0.964474124338288,3.47210034993197,3.76428660173903
0.0468825537288356,4.62531177741568,0.366485268076737
-0.589337185544029,6.86819831305375,-3.52245187114273
0.342918641816193,4.02643807322008,2.22733207647747
0.142280416036619,5.51145352704733,0.969667590033405
-0.668452709973515,7.25446390295929,-3.86815806973814
0.603372505672404,4.47523262469197,3.38784487648786
0.642348323813483,3.16288178789404,2.20333144490523
0.890267375025079,2.09249743215405,2.59833123718148
-0.992852453574071,6.80214904502758,-6.13255031902909
0.025144280210757,3.23537827929949,1.06787986689418
-0.195134163058752,6.21480354059612,-0.83171386419812
0.687508954898689,3.66699153589103,2.59787150896647
-0.0299428875420411,5.55734074465866,0.193994056357538
0.0691386389982655,4.38105854193896,0.702884932295961
-0.161347530919251,5.11080456991689,-0.296528692219026
0.301343321659547,4.0731065119231,2.19097633966007
-0.524602251330933,5.15860599178932,-2.52266130287551
-0.0286340066734168,5.65169767160161,0.650967203719684
-0.537810668988243,5.16249061016126,-1.79716502487635
0.0192827451850681,5.86415614532739,1.00881169681329
0.295229791945066,4.27648962573747,2.2323753480502
-1.30830217341458,9.87930219882287,-12.696915966664
-0.653380220225005,5.18563671257646,-3.04321641608175
0.867327822992076,3.67548805531354,3.69021273916982
-1.03640429987297,6.22254865458161,-6.12831174187958
-0.147503238224986,4.038601938107,0.0918017529291663
-0.307423323673642,4.53638674872171,-1.35936737728235
0.221252757149857,2.94839401652594,0.957325304931152
-0.231072722856088,3.55711931905359,-0.566768923215834
-0.850233461146055,5.7716366754286,-3.92260297115645
-0.0847451583811273,5.5144857358496,-0.0122105267604712
-0.629382737922392,7.09036572962342,-4.08429295035392
0.477819747765759,4.72846705808357,2.68992113207097
0.493164970644543,4.47912202905706,2.33967768593872
0.159185115896675,2.75218181780784,0.544093899220771
-0.574292904941629,4.8589367242839,-2.72666251799233
-0.24260822198559,6.37424018182866,-1.040349553403
-0.289095314283943,3.69007484030461,-0.227243023159028
-0.893130777644328,6.56124455615153,-5.75674941942052
1.49964477903247,4.97257620786675,8.41208467203433
0.308760750126548,2.98466238971712,1.91280277895056
0.81867188828641,3.4340964242409,3.47881287743893
-0.15471244795222,4.6515806663454,0.271343571400253
0.473532873553985,2.66725877012589,2.06856413626407
-0.663156805047448,7.16888411664305,-4.05194070348161
-0.676952352806394,7.00598036516368,-3.93762463346919
-0.193251282357985,3.83218931463549,0.0923163936519354
-0.731069443291224,7.50507806234779,-4.83365784886389
0.715283126627233,3.26590505110635,3.31249624967538
-0.0917332968455787,5.22999157097775,0.124065005286305
0.622913194852539,3.12066065011397,2.58585703074423
1.3165236793938,4.35629909591408,6.70376255261106
0.501811881834049,4.18537009820837,2.96770019913613
-0.778098932780989,7.96131832434372,-5.20211651128609
-1.30336042285955,10.1082964054987,-12.9812644786428
-0.350138635151437,6.10951088956162,-1.85121382106112
0.834086667020964,3.97559995144497,4.19993803537521
-0.637355621018938,5.18616721485529,-3.13756213264303
-0.00606523716663776,4.53234169841909,0.138371210992507
-0.884830775165985,7.6069778508165,-5.99499844342198
0.103280815242782,3.45370856365635,0.772724118751722
0.396771690590746,4.11818837581786,2.15479038072801
-1.18217130468337,8.10360234850368,-8.99369436467362
-0.449554786225527,6.03463403809621,-2.49368235045878
-0.425085543293372,4.29541735859681,-1.27161939291717
0.844548816732313,3.6647909674842,3.29887103894441
-1.58423663400193,10.5973122258478,-16.6669037160994
-0.652419386712712,6.57050808607245,-3.5766287058802
-0.237818136322421,6.06384123420239,-0.592676334888128
-0.659940959228023,5.4343624733933,-2.67757550888629
0.269384707002331,5.35066039791035,2.13031280551611
-0.00757319652929976,5.69090175950197,0.95494113024043
-0.0424190095399274,4.31798045492836,0.250208990268862
0.0803699634079098,4.42243173768616,1.05229996256173
0.0348345156190817,3.55273950832803,0.965572899513728
-0.209172604718238,4.99152770504331,-0.30183576165559
-1.23827862605445,9.74776087823938,-11.8533404695069
-0.331517014075297,5.16595247305896,-1.50175260356929
1.03186931995057,3.8868659757765,4.22769466691922
-0.0116565895195726,5.88962087548279,0.800287039377352
0.466564803754635,5.02782721747789,2.76164132141046
0.201696877251742,4.91972360018945,1.73861523664622
-0.30444133213643,3.92766039538406,-0.710605808859566
-0.648564127997952,6.73469266896393,-4.2371086479088
-0.62486955343617,6.18210047664903,-3.49666100277226
-1.01593811580891,7.8014786146535,-7.83349191800768
-0.108600413580948,5.93294233452837,-0.561387965455441
-0.263358529406134,6.56274398556347,-1.71680753877874
0.721484041692615,4.54715764482347,3.90774885831624
-0.147633420188294,4.00891620248701,0.0350549959060982
0.388545672034502,3.41983182472793,1.36892581100708
0.248622121808524,3.33858087514688,1.78621511351199
0.274354008197798,3.78562065259494,1.53520935492317
0.110402024255412,5.36613009255904,1.16576932298878
-0.244245846038093,4.69121305418811,-0.857805909494425
-0.0929871761665657,4.47047556929791,-0.193292826069698
-0.0857912862794836,4.97350411016743,0.503703610778647
-0.379873172082395,5.86430374173624,-1.93050727234991
-1.34330468628765,10.3916381255533,-13.0552537202521
-0.905808653770741,6.47681913377207,-5.16423327757969
-0.000350923483996863,4.29900377995106,0.858596429561665
1.41980532816572,4.19851800856594,6.0285839004836
0.284481670558823,3.4692535270627,1.70982964699297
0.368120009761044,4.39745126743988,2.13039185933364
0.406353747724782,2.52015764497362,1.7511719092948
1.44577864021413,2.50579611521974,4.40772500376255
0.0888455396966129,4.09546710128817,0.520192111663254
0.214429562507221,5.44915748883456,1.5101892454864
-0.0977182618434961,3.90318943345838,-0.00809169609224852
0.702021820778744,3.84287345894038,3.08804896633763
0.760390090266196,2.07373695445786,2.55929226529212
0.222515259947748,3.17295404173361,1.67849563049128
1.8033934102509,3.80359426810674,7.3701185003402
-0.158220635992561,6.10845144065027,-0.216627157836013
0.467763793530674,3.60107517935976,1.91723846324614
0.235484611744854,2.6187191918039,1.12960112853599
-0.447464658364812,6.71607635563569,-2.01766681642575
-0.0540142146090697,4.7441348240358,0.743012143011725
-0.0120513640152019,5.89002233534414,0.386445110536809
-0.69830390691049,6.62567586612485,-3.95521574275591
0.170418846397561,2.94317899156892,0.769180017498548
-1.03376266917567,8.90129784973701,-8.97739237503827
-0.111781920589563,3.36324756758955,-0.33127893407277
-0.394041023230056,5.26108129827505,-1.19454842369211
-0.314889601482408,6.0113102579933,-0.948494463616274
0.00278665466264877,3.92355189133212,0.412144100241608
0.0470171483070429,4.24185532180241,0.71585681551017
-0.0123600971377495,4.30583033692153,0.0583437889085082
0.346499165964322,3.58740966169303,1.86154314660146
-0.0819040347948883,3.58238743963604,0.507129224535036
-0.127895601277651,6.14712024346636,0.0853897071288819
-0.0259473503376844,3.46677550578548,0.79825288297507
0.838929578280509,3.6786883419053,3.55690065791962
0.414567619826615,3.13875964402623,2.12257370121962
1.13016168944289,2.19700406982204,3.26769454534455
-1.04815315045307,8.4417650588829,-7.87005521462499
-0.105648540498845,4.85011027660268,-0.478385452434835
0.0953093616993028,5.02153773616297,0.860570210150983
1.19193416240231,3.99891228190183,5.73185560069754
0.620885747318555,4.02026861431914,2.8491302855222
-0.258502967548279,6.28858175765729,-0.96344047025483
0.0715984395276431,5.07396445023476,1.30591507133831
0.710020759674126,3.22239967852237,2.43867774926797
0.814518530705917,4.02638966463391,3.45166722957407
-1.00931740759397,6.73890596576008,-6.6465711082181
-0.283621574105097,6.0349946948742,-1.39400641103191
0.322190966048027,4.68577654123386,1.69778418697
-0.0126646868453593,4.60025983660827,0.898431306875141
0.272367128673628,4.81629207108475,1.89008514519778
0.245192555271956,3.76202349407458,0.949880116310528
-0.307169344848053,5.8748934235291,-1.71501804067966
-0.0755901075506069,4.13977782655246,-0.124030999571835
0.588580891786835,2.51714853372159,2.00080218870875
-0.0339053794627288,5.76282430668259,0.348259213121485
-0.161710449030762,5.05931377496442,-0.319462232418785
0.491670648443354,2.33780651385619,1.27134991990043
-0.204420025309433,4.83256149598858,0.00286890010409557
0.665451863526922,4.95332201182483,3.75465839940805
0.378045162741642,2.94688024137559,1.64942797782436
0.297652237883812,5.31331854535774,2.55178668721938
0.311073882361961,4.93333962052803,2.04640767333678
-0.327895004279461,4.70222926990799,-1.25243158325658
0.80155824328286,4.0975980955705,4.07106085406584
-0.290986308886516,5.83226662527943,-1.00174632589951
-1.51600318646629,9.70402313785195,-14.3705300839333
-0.237684802874455,5.7199797292087,-0.442646412001968
0.00515638274269414,5.96206715546171,0.284923726351398
-1.46809419279031,8.3572359726895,-11.9738538373743
0.0997083217996637,3.19857803028869,1.20771341805393
-0.0778288828493795,5.91205583307656,0.430097966864553
-0.410453776895153,6.82937968390588,-2.49498831433887
-0.00270227446036516,5.05970364596584,0.970733162744664
0.107376253552684,5.536853306787,0.845124095229213
1.00162598858984,3.59264405850875,4.20546102802374
-0.483317270570415,4.79021094497293,-1.92224597477986
-0.898111363511567,6.51661805040411,-5.44010623703007
0.146890396158864,3.86068443183945,0.63719774840756
-0.874053925494302,6.90079501340892,-5.26408506048059
0.515179999490224,3.81545844125609,2.62425185037782
0.346547554374682,5.06212344198616,1.99107886119796
-0.877001776059302,8.28359127400331,-6.27671530979602
0.672032239498133,5.06650013812893,4.08784130350232
0.154651437986607,3.06566374457439,0.784970702403431
1.60368544198971,4.46580566066858,7.60967870252375
0.971838255462986,4.11412947269199,4.9626068027287
0.983642140662795,2.10454933317375,2.68103655494578
-0.904167375683541,6.97383546300354,-5.78100148948128
-1.55796807698025,9.26142923067801,-13.9778288735286
0.453679997072367,3.04864619130055,2.06658642410198
0.274558318342491,2.85213595988768,1.55352805257749
-1.88259294189459,10.6450489708318,-19.3911095140979
0.0581558739322574,3.39678818101131,0.87696736855845
0.0469474041905405,3.15071203769791,0.479684277258502
0.355852954788306,3.43710495371182,1.54001187557428
0.0684400855842791,3.83360354826198,0.888614777886398
-0.417021611348954,6.25195418980074,-2.21278763761134
-0.040740674411522,3.77888696818029,-0.0131952282758297
-0.792465274926253,5.38365658321385,-3.3754721679756
0.560631557999964,3.69229236132506,2.66424664879084
-0.0918997086827507,3.32430186113862,-0.0744635720965224
-1.2670544196787,8.08434929239397,-9.84715980226348
0.166993971566466,5.17642247661436,1.14203910025811
-0.280079870339657,5.8954150194949,-1.12849872678619
1.12109107260734,3.15965489301935,4.51556005964207
0.657532430448729,3.35223942008839,2.80473980014496
-0.9214402146895,6.08988815133298,-5.22491412624624
-0.24241275066522,5.89532067754014,-0.970977850929191
0.0867931565704375,4.67109332492163,0.832035843374118
-0.300204147664308,4.00896667172585,-1.15802728632899
1.63241465602875,2.56296609033287,4.98675758188286
-0.543483070477006,5.11787658717741,-2.72132264574745
-0.111844117010028,5.05891213869118,-0.433018512359904
-0.653422293970261,6.87862672566775,-3.6298836727584
0.152125978551228,5.28652868212441,0.923999897562326
-0.671591072971925,5.4618064617723,-2.8361818686829
0.096771875676024,4.88012185482898,1.20792333221657
0.943123471927943,4.58573226405629,4.36243363751722
-0.159746363999001,5.70803526563422,-0.0533070034480993
0.767314040439521,2.73541437968365,2.54412979270096
0.217105672003852,2.94787000535941,1.51782065006327
-0.169784398554365,4.74322165256601,-0.538407711564423
-0.199933856899522,3.77686360333665,-0.0601175524253057
0.05184233025589,4.60934365194583,0.59552544635708
-1.00091074111089,6.35245206691802,-6.35584087686027
-0.59279833712229,6.08955198032725,-2.84025211123551
0.636572185935454,4.364159924023,3.52905435490199
-0.442708305549586,4.75911279381093,-1.94810432880793
0.223560215183696,4.13680782832586,1.24090607229731
1.28921966531054,3.91054702460745,5.40582756862958
-0.199140018435414,3.56441236850209,-0.303854392634818
0.140823985388938,5.31059257699832,1.31856930097747
0.652166534614938,2.33347464119787,1.62454577850313
-0.549297214141593,7.31378129459802,-3.10602493787862
-1.6696842973313,9.50015176464095,-14.8772494947926
0.149873639940784,2.98431349285312,1.03926913429207
0.367550859458831,3.00016182759672,1.67888014969086
-1.09136533025782,8.59193451799986,-9.21420715608376
-0.136492315070562,3.51175416271807,0.308255204265215
0.592876775679894,3.32555090669903,2.03906301104162
-0.218193656731843,3.81869936961936,0.0354622017906487
0.333792340151578,4.85447228935271,2.60457760476713
-0.323777767804081,4.47917043221125,-0.85919164822979
0.258480224528971,3.02746174725178,1.15073210258255
-1.48331787641866,9.55399461966419,-13.4918858502727
-1.1544523651679,9.60572722576217,-10.4997254853286
-0.00402427025386785,3.22387384761552,0.337070380096288
0.219940958377344,5.12429912524697,1.2932438454074
-0.00379596139111908,3.07499763899821,0.372323791699476
-0.953004291989905,7.66564993689352,-6.97379918311695
-0.314181265287082,3.84496526245992,-0.556168275304202
1.39158964086641,3.83832479406615,6.10121737473521
0.0298047499750931,3.59716027898811,0.65092492060889
-0.820883128982147,6.13478354443384,-4.88210839453966
-0.600248228056531,7.18902845937599,-3.83974507737512
0.167226958152577,5.42452658538044,1.66237452776953
-0.227120381453593,5.37349384722446,-0.458866794807304
0.166350964561737,2.70172232798398,0.733838674048526
-0.195530158043916,4.44740884491131,0.107276454304673
-0.331779816084467,6.51701927210426,-1.44189990002733
0.0355773272852431,3.61514701087862,0.632184931101043
0.0853405749371811,3.16809616469029,1.20987310760767
-0.00165092369501841,5.59957101401051,0.347318333425755
1.46169749584782,3.32080112117485,5.53546446913224
-1.06094401101725,6.82050542566136,-6.23863572825029
-0.957147666795273,8.3061931914349,-7.68119294975417
-0.999084096999422,6.93954869335589,-6.00422982150107
0.343067337608423,2.62370365696923,1.28423870599045
-0.0921134274965864,4.03825995384791,0.272580904477229
0.0756201280987495,3.3753878396263,0.95439940471854
0.729168183453172,4.07453922454815,3.93169467514101
0.66687566325567,4.02472691678332,3.13769108341349
0.658977629564202,3.69750099967018,3.09470615301965
-0.133112442213478,5.48824575462566,0.147179979897031
-0.382431225461364,5.82517423338986,-1.47999549156439
-0.172335295799872,4.38508499006756,0.0974222506969675
-0.959403355220066,8.00182517118171,-6.9320058369363
-0.696022392563962,6.33318758037845,-3.79143205244572
1.34136296744174,2.4766229013334,3.41457617966395
0.656339484636122,4.00581001462013,3.62453753692626
-0.221134547269366,3.64156303691736,-0.553803648416602
0.221653505924724,4.76157349300253,1.41865051940185
-0.00146613308984116,5.2843119599736,0.319416424603939
0.00288372084901239,3.68939008625764,0.618588228763043
0.030695873791218,5.87682744382946,0.324442852851263
0.0353939639751447,5.80733129012594,0.372028575829559
-0.540989848263708,6.8228527803437,-2.87993070535772
-0.000558589701202069,3.82016944678212,0.714973069458244
-0.221021383763226,6.0201510747886,-0.751385702377451
1.43795176303112,4.48794818706316,6.62834698842917
0.0216781007854118,4.73405319306394,0.978361497587218
0.0236839252052971,4.96777585171219,1.01858500376974
0.20587894857904,3.15695015288786,1.35443875038275
1.65191040092633,4.30084407091096,7.86362467656788
-0.221666225631288,6.11339471406721,-0.427716121208481
0.991925833926495,4.27370362985275,5.13877855195346
-1.6167959909226,8.8603939504308,-13.4798828678644
-0.794233827960445,5.81079694983021,-3.768358452465
-1.59314058745909,9.26686357964675,-14.3728070435614
-1.57832612548117,11.4816688240259,-17.2218438656436
-0.0304529766631731,5.49007106201697,0.133978746445168
0.206654747357862,3.74376648991832,1.17412012757602
-0.525727467309737,5.70534965414187,-2.29095906845519
0.0651990396099771,5.38886403489495,0.695811184761999
0.0647485083519868,3.41160514734263,0.371986822699057
-0.299830036532877,4.01224364392528,-1.10469363914181
1.48602466944886,3.9499049699883,6.38187042827551
-0.377647202507422,6.3918842084228,-1.85068666661366
0.454749744825578,3.86498370990787,1.98641483671001
-0.354900334354881,4.38269475397107,-1.44845934593324
0.784196871835093,4.42723654245826,4.27261143449358
0.25748967558586,3.34648857806427,1.82070207403625
-0.715741886322589,7.03168742234779,-4.33147287210284
-0.0189302807390396,4.96913172234627,0.739930743306568
0.902218099430167,2.07683189902558,2.5645655068162
-1.32004133713349,7.69177433829857,-9.3667296223902
1.02521447098669,3.17166223450709,3.97677792270788
-0.411382671586616,5.01410251751443,-2.03301798462343
-0.155817099824914,3.74957857359038,0.273063942760504
-0.717425226127354,7.80731412713502,-4.86847808615121
0.243203169307278,5.21748196264877,1.4067687322259
-0.658385388179853,5.59156824651562,-3.22403519743427
-0.211506215919679,4.77722824528903,-0.933582402249181
0.836011128303552,4.87660433330732,4.3586644658119
-1.82626655982192,11.0952297914171,-19.7482238402643
-1.2462329761651,9.24871165723097,-10.7967624973497
-0.0551439557312187,4.25720961433553,0.608972095641673
0.995823552733702,4.27818911662501,5.07082602823816
0.484847876783296,2.94653803708987,1.64140564229287
1.13469460366757,3.13645536659821,4.51655567969438
-1.15914812980028,6.94908674141113,-7.79569342635213
1.65490061693708,4.54898813359297,8.32787735715932
0.102734620835395,3.49419356976268,1.21315991337611
-0.204933085804675,6.11341074093777,-0.688773970520791
-1.29249187507732,8.26292376367919,-10.3097427009335
1.19626980020561,3.50659047731485,4.3125517618801
0.371754505097544,4.72071261617113,2.1169174127292
-0.967772616872605,7.0098121672145,-5.88463215774799
0.80744535939803,3.73551843286182,3.12294481704066
0.445158757193524,3.06336647694444,2.3280889167532
0.0734413122883838,4.72230219678396,0.924112104444006
-1.10152844114255,9.32336444809754,-10.2677312058054
0.258233156380701,4.66446263004329,1.86236311227562
0.207320443892191,5.4408697231851,1.77293370027975
0.410469331425366,4.19389887653428,2.33262338479833
0.389832957014546,2.47679375755244,1.73058395467849
-0.0632341423469396,4.72009511626545,0.288809097823804
